ID,Company,Title,Location
https://www.saramin.co.kr/zf_user/jobs/relay/view?isMypage=no&rec_idx=43973283,이지지아이에스(주),빅데이터 분석가/JAVA 개발자/Python 개발자/기획자 채용,서울금천구
https://www.saramin.co.kr/zf_user/jobs/relay/view?isMypage=no&rec_idx=43918873,(주)사람인에이치에스,[용산/정규직/5000천이상] 대기업 Python Backend Engineer 채용,서울용산구
https://www.saramin.co.kr/zf_user/jobs/relay/view?isMypage=no&rec_idx=44021902,(주)이포즌,"자사솔루션 백엔드개발 신입사원 모집(JAVA, C++, Python)",서울성동구
https://www.saramin.co.kr/zf_user/jobs/relay/view?isMypage=no&rec_idx=43878399,(주)아이티존,"[경력&신입] 시스템 및 솔루션 개발-Python,Java(정규직) 채용",대전유성구
https://www.saramin.co.kr/zf_user/jobs/relay/view?isMypage=no&rec_idx=43952997,행복쇼핑(주),REACT · PHP · PYTHON 개발자 채용,서울영등포구
https://www.saramin.co.kr/zf_user/jobs/relay/view?isMypage=no&rec_idx=43792485,(주)엠에이치엔씨티,Python 기반 AI 연구원,서울전체
https://www.saramin.co.kr/zf_user/jobs/relay/view?isMypage=no&rec_idx=42358916,(주)페이타랩,"[패스오더] 백엔드 개발자 (Spring, Python, MSA) (병역특례/산업기능요원/보충역/전직)",서울전체
https://www.saramin.co.kr/zf_user/jobs/relay/view?isMypage=no&rec_idx=41527885,(주)버즈니,"[초봉5천] 커머스 백엔드 엔지니어 (Python, Docker)",서울전체
https://www.saramin.co.kr/zf_user/jobs/relay/view?isMypage=no&rec_idx=43883007,㈜칸테크,[IT중견기업] SQLD/ORACLE/PYTHON/JAVA 개발자모집 (신입·경력),서울금천구
https://www.saramin.co.kr/zf_user/jobs/relay/view?isMypage=no&rec_idx=44023654,로지시스템(주),"[성남/분당]웹개발(SpringFramework , java, python )",경기성남시 분당구
https://www.saramin.co.kr/zf_user/jobs/relay/view?isMypage=no&rec_idx=43930579,켐아이넷(주),Python을 이용한 인공지능 분야 연구원 모집(python 개발자),서울양천구
https://www.saramin.co.kr/zf_user/jobs/relay/view?isMypage=no&rec_idx=41615339,(주)드림어스컴퍼니,[오디오플랫폼 FLO] Python 기반 빅데이터 처리 개발자,서울전체
https://www.saramin.co.kr/zf_user/jobs/relay/view?isMypage=no&rec_idx=43906182,씨앤토트플러스(주),[강남] python 개발,서울강남구
https://www.saramin.co.kr/zf_user/jobs/relay/view?isMypage=no&rec_idx=43965912,(주)미래로시스템,"C#, Python, JAVA 소프트웨어 개발자 채용 (신입/경력)",경기용인시 기흥구
https://www.saramin.co.kr/zf_user/jobs/relay/view?isMypage=no&rec_idx=43908406,(주)테너지,"IT개발·데이터(S/W, Python, Django 외 1개 부문) 채용",경기수원시 영통구
https://www.saramin.co.kr/zf_user/jobs/relay/view?isMypage=no&rec_idx=44051736,(주)키스템프그룹,"[2호선/연6,500만] 키스템프 본사 웹ERP개발자(Python/Django)",서울중구
https://www.saramin.co.kr/zf_user/jobs/relay/view?isMypage=no&rec_idx=43857717,오상자이엘(주),"프로그래머(JAVA, Python, Oracle SQL), PL, PM 모집",인천부평구
https://www.saramin.co.kr/zf_user/jobs/relay/view?isMypage=no&rec_idx=43770422,콘센트릭스서비스코리아(유),[글로벌디지털마케팅] Python Backend Engineer 정규직 모집,서울전체
https://www.saramin.co.kr/zf_user/jobs/relay/view?isMypage=no&rec_idx=43716908,(주)핸디소프트,[개발자 채용] Python 소프트웨어 개발 신입/경력 채용,경기안양시 동안구
https://www.saramin.co.kr/zf_user/jobs/relay/view?isMypage=no&rec_idx=43864145,(주)샌즈랩,python 개발 모집,서울강남구
https://www.saramin.co.kr/zf_user/jobs/relay/view?isMypage=no&rec_idx=43752862,제스엔지니어링,[채용] C# S/W 개발자 or Python 응용 S/W 개발(사원주임대리과,서울금천구
https://www.saramin.co.kr/zf_user/jobs/relay/view?isMypage=no&rec_idx=43996654,(주)인실리코젠,파이썬(Python) 개발자 신입/경력 채용,경기용인시 기흥구
https://www.saramin.co.kr/zf_user/jobs/relay/view?isMypage=no&rec_idx=44016796,(주)링크제니시스,"차량용 Software Test 자동화 개발자(C, C++, Python) 및 QA",인천서구
https://www.saramin.co.kr/zf_user/jobs/relay/view?isMypage=no&rec_idx=43524779,(주)핏펫,백엔드 개발자(Python Django),서울전체
https://www.saramin.co.kr/zf_user/jobs/relay/view?isMypage=no&rec_idx=43996539,(주)가치소프트,"Python/C++/C#/Unity-AI, Vision, 3D카메라[전문연가능]",대전유성구
https://www.saramin.co.kr/zf_user/jobs/relay/view?isMypage=no&rec_idx=43866858,(주)아이와즈,[AI] Python JAVA 머신러닝 개발자 모집,대전유성구
https://www.saramin.co.kr/zf_user/jobs/relay/view?isMypage=no&rec_idx=43883156,경포씨엔씨,[판교]삼성전자 Brightics Law 솔루션 Rest API연계개발/Python,경기성남시 분당구
https://www.saramin.co.kr/zf_user/jobs/relay/view?isMypage=no&rec_idx=43964553,(주)인라이플,[주4.5일] Python 개발직무 경력 채용,서울구로구
https://www.saramin.co.kr/zf_user/jobs/relay/view?isMypage=no&rec_idx=43879257,패스트파이브(주),[패스트파이브] 파이브스팟 백엔드 개발자(Python),서울강남구
https://www.saramin.co.kr/zf_user/jobs/relay/view?isMypage=no&rec_idx=43774876,(주)블루커뮤니케이션,"NET, 웹프로그래머, Java, MySQL, Python",인천연수구
https://www.saramin.co.kr/zf_user/jobs/relay/view?isMypage=no&rec_idx=43532911,(주)웨이브릿지,[웨이브릿지] Bakc End(Python) 개발자 (5년 이상),서울전체
https://www.saramin.co.kr/zf_user/jobs/relay/view?isMypage=no&rec_idx=43985216,(주)올라핀테크,[올라핀테크] 핀테크 플랫폼 Python(파이썬) 개발자,서울강남구
https://www.saramin.co.kr/zf_user/jobs/relay/view?isMypage=no&rec_idx=43929111,(주)비즈데이터,"데이터 수집, 품질진단 Python 개발자 정규직 채용",서울서초구
https://www.saramin.co.kr/zf_user/jobs/relay/view?isMypage=no&rec_idx=43922964,(주)소셜허그,[퍼스트업로더] Python Django 백엔드 개발자,서울전체
https://www.saramin.co.kr/zf_user/jobs/relay/view?isMypage=no&rec_idx=43889180,(주)핫셀러,글로벌 서비스를 만들어 갈 Python(파이썬) 백엔드 개발자 채용,서울동대문구
https://www.saramin.co.kr/zf_user/jobs/relay/view?isMypage=no&rec_idx=41068534,(주)페이타랩,"[패스오더] 백엔드 개발자 (Spring, Python, MSA)",서울전체
https://www.saramin.co.kr/zf_user/jobs/relay/view?isMypage=no&rec_idx=43754968,(주)메디인테크,"[전문연구요원 가능] C/C++, Python 로봇 제어 개발자",서울종로구
https://www.saramin.co.kr/zf_user/jobs/relay/view?isMypage=no&rec_idx=44013139,(주)엠티이지,[엠티이지] 어플리케이션 개발 신입(경력)사원 모집 Python,서울마포구
https://www.saramin.co.kr/zf_user/jobs/relay/view?isMypage=no&rec_idx=43378025,(주)지지큐컴퍼니,Python Developer (파이썬 개발자),서울전체
https://www.saramin.co.kr/zf_user/jobs/relay/view?isMypage=no&rec_idx=43811332,(주)아이넷테크,신입/경력 개발자 모집(JAVA 및 Python),대전유성구
https://www.saramin.co.kr/zf_user/jobs/relay/view?isMypage=no&rec_idx=43937164,(주)코레이즈홀딩스,[코레이즈] Python (Flask) 웹 개발자 채용 경력 (2~5년차),서울성동구
https://www.saramin.co.kr/zf_user/jobs/relay/view?isMypage=no&rec_idx=43877907,더스카이랩(주),백엔드/서버/Python 개발자/연구원 모집(서울·경기),경기안양시 만안구
https://www.saramin.co.kr/zf_user/jobs/relay/view?isMypage=no&rec_idx=44023829,(주)소나텍,Python/Maria DB 운영 개발자를 찾습니다.,서울서대문구
https://www.saramin.co.kr/zf_user/jobs/relay/view?isMypage=no&rec_idx=41431286,(주)팜캐드,Python 개발자 [병역특례 지원 가능],서울전체
https://www.saramin.co.kr/zf_user/jobs/relay/view?isMypage=no&rec_idx=43797677,택스비(주),"Python, C#, Visual Basic6, javascript, HTML 개발자 모집",서울성동구
https://www.saramin.co.kr/zf_user/jobs/relay/view?isMypage=no&rec_idx=43873112,(주)스몰머신즈,소프트웨어 엔지니어 모집(python),서울성동구
https://www.saramin.co.kr/zf_user/jobs/relay/view?isMypage=no&rec_idx=43965183,(주)핫셀러,글로벌 서비스를 만들어 갈 Python(파이썬) 백엔드 팀장급 채용,서울동대문구
https://www.saramin.co.kr/zf_user/jobs/relay/view?isMypage=no&rec_idx=43989183,(주)몽태랑인터내셔날,응용 소프트웨어 개발자(PYTHON) 경력직 채용,경기하남시
https://www.saramin.co.kr/zf_user/jobs/relay/view?isMypage=no&rec_idx=43671999,(주)디에스랩글로벌,웹 풀스택 개발자 (Python/React.js),서울전체
https://www.saramin.co.kr/zf_user/jobs/relay/view?isMypage=no&rec_idx=43645643,(주)바이오커넥트,생체정보 영상처리 알고리즘 개발 (python),서울서초구
https://www.saramin.co.kr/zf_user/jobs/relay/view?isMypage=no&rec_idx=43672033,(주)디에스랩글로벌,웹 백엔드 개발자 (Python),서울전체
https://www.saramin.co.kr/zf_user/jobs/relay/view?isMypage=no&rec_idx=43750042,(주)바이오커넥트,(주)바이오커넥트 - [신입 및 경력] 영상처리 알고리즘 포팅(Python --> C++),서울전체
https://www.saramin.co.kr/zf_user/jobs/relay/view?isMypage=no&rec_idx=43879120,(주)마인드에이아이,Mind AI - Python Backend Engineer,서울중구
https://www.saramin.co.kr/zf_user/jobs/relay/view?isMypage=no&rec_idx=43908534,(주)바이오커넥트,"[신입 및 경력] 인공지능, 컴퓨터 비전기술, 영상 처리(Python 또는 C++)",서울전체
https://www.saramin.co.kr/zf_user/jobs/relay/view?isMypage=no&rec_idx=43019654,벨루가브루어리(주),Python/Django 백엔드 개발자 (2년 이상),서울전체
https://www.saramin.co.kr/zf_user/jobs/relay/view?isMypage=no&rec_idx=43974328,(주)휴레이포지티브,[휴레이] 파이썬 백엔드 개발자 (Python Backend Engineer),서울전체
https://www.saramin.co.kr/zf_user/jobs/relay/view?isMypage=no&rec_idx=44013590,(주)비투윈솔루션,2022년 데이터분석 / Python 개발 부문 채용 공고,서울마포구
https://www.saramin.co.kr/zf_user/jobs/relay/view?isMypage=no&rec_idx=43344418,(주)와탭랩스,Python 모니터링 에이전트 개발자,서울전체
https://www.saramin.co.kr/zf_user/jobs/relay/view?isMypage=no&rec_idx=43803865,(주)모빌리오,"[ 경력직 ] 소프트웨어 개발 엔지니어 C++, Python 채용",경기성남시 수정구
https://www.saramin.co.kr/zf_user/jobs/relay/view?isMypage=no&rec_idx=43984365,주식회사 에이아이투유(AI2U),"Python 기반 웹 어플리케이션 개발자 (경력무관, 신입가능)",경기안산시 단원구
https://www.saramin.co.kr/zf_user/jobs/relay/view?isMypage=no&rec_idx=44014266,(주)에이치알비즈코리아,"대기업/차량관계사/경로탐색 분석/Python, SQL/데이터 분석",서울강남구
https://www.saramin.co.kr/zf_user/jobs/relay/view?isMypage=no&rec_idx=44031964,(주)한국아이티전문학원,"프로그래밍(JAVA, Python) / 디자인 분야 강사 채용",충북청주시 상당구
https://www.saramin.co.kr/zf_user/jobs/relay/view?isMypage=no&rec_idx=44052501,(주)펫이지,개발자(PHP/Python/My SQL 등) 모집,서울종로구
https://www.saramin.co.kr/zf_user/jobs/relay/view?isMypage=no&rec_idx=41608121,아이엠에스모빌리티(주),[IMS모빌리티] 백엔드 개발자 (Python),서울전체
https://www.saramin.co.kr/zf_user/jobs/relay/view?isMypage=no&rec_idx=41155918,(주)폼즈,[경력&신입] python 개발 정규직 채용,서울전체
https://www.saramin.co.kr/zf_user/jobs/relay/view?isMypage=no&rec_idx=40925974,(주)미라클핀테크,"웹개발 경력자 채용 (Python Django, 연봉 업계 최고)",서울전체
https://www.saramin.co.kr/zf_user/jobs/relay/view?isMypage=no&rec_idx=43892830,(주)로지올,"[생각대로] 밸류업팀 - 백엔드 (PHP, JAVA, PYTHON, DB ORACLE)",서울서초구
https://www.saramin.co.kr/zf_user/jobs/relay/view?isMypage=no&rec_idx=43919131,"(주)브레이브모바일(숨고, Soomgo)",Sr. Back-end Engineer (Python),서울전체
https://www.saramin.co.kr/zf_user/jobs/relay/view?isMypage=no&rec_idx=43919032,"(주)브레이브모바일(숨고, Soomgo)",Back-end Engineer (Python),서울전체
https://www.saramin.co.kr/zf_user/jobs/relay/view?isMypage=no&rec_idx=43965246,(주)큐심플러스,IT개발·데이터(Python/C언어/C# 외 1개 부문) 채용,서울성북구
https://www.saramin.co.kr/zf_user/jobs/relay/view?isMypage=no&rec_idx=44060009,(주)인큐브시스템,외국계 대기업] Python Backend Engineer 경력직 채용,서울동작구
https://www.saramin.co.kr/zf_user/jobs/relay/view?isMypage=no&rec_idx=43827712,화랑,Vision/MFC/C# Python Tensorflow CUDA yolo v5 개발직,충남천안시 동남구
https://www.saramin.co.kr/zf_user/jobs/relay/view?isMypage=no&rec_idx=43855468,(주)그루넷,빅데이터/DataAnalysis/Python/JAVA/SAS 인재 채용,서울강남구
https://www.saramin.co.kr/zf_user/jobs/relay/view?isMypage=no&rec_idx=43897166,(주)에이젠글로벌,[에이젠글로벌] Python Backend Engineer 직군 모집,서울전체
https://www.saramin.co.kr/zf_user/jobs/relay/view?isMypage=no&rec_idx=43896919,(주)에이젠글로벌,[에이젠글로벌] Python Backend Engineer직군 모집,서울영등포구
https://www.saramin.co.kr/zf_user/jobs/relay/view?isMypage=no&rec_idx=43992199,영수컴퓨터,2022 하반기 Python 경력무관 채용 공고,서울강북구
https://www.saramin.co.kr/zf_user/jobs/relay/view?isMypage=no&rec_idx=44046317,(주)알앤엠텍,"통신장비 시험 소프트웨어 개발(Linux, Python, C++) 모집",서울영등포구
https://www.saramin.co.kr/zf_user/jobs/relay/view?isMypage=no&rec_idx=43696212,(주)에이치투오호스피탈리티,"백엔드 주니어 개발자 (PHP, Python)",서울전체
https://www.saramin.co.kr/zf_user/jobs/relay/view?isMypage=no&rec_idx=43651213,(주)오예커뮤니케이션,PHP 및 Python 웹 개발자 신입 및 경력자 모집,서울중구
https://www.saramin.co.kr/zf_user/jobs/relay/view?isMypage=no&rec_idx=43826902,주식회사 코드베르그,(주)코드베르그 백엔드(NodeJS/Python) 개발자분을 모십니다,서울강남구
https://www.saramin.co.kr/zf_user/jobs/relay/view?isMypage=no&rec_idx=44047790,(주)드림에이치알,Python Backend Engineer-글로벌 비지니스 서비스 기업,서울서초구
https://www.saramin.co.kr/zf_user/jobs/relay/view?isMypage=no&rec_idx=43362186,(주)마이플레이컴퍼니,Python 백엔드 서버 개발자,서울전체
https://www.saramin.co.kr/zf_user/jobs/relay/view?isMypage=no&rec_idx=43962403,에스티비전,소프트웨어 개발자 (Python) 경력직 채용,경기파주시
https://www.saramin.co.kr/zf_user/jobs/relay/view?isMypage=no&rec_idx=44046727,(주)리쉐니에,"AI기반 응용SW 엔지니어링 ( Python,빅데이터,AI,스마트팩토리)",경기수원시 영통구
https://www.saramin.co.kr/zf_user/jobs/relay/view?isMypage=no&rec_idx=44069508,에스티비전,소프트웨어 개발자 (Python) 정규직 채용,경기파주시
https://www.saramin.co.kr/zf_user/jobs/relay/view?isMypage=no&rec_idx=43775677,(주)핸디비전,"머신비전 개발자 , C/C++/C#, OpenCV, MIL, PYTHON",경기용인시 기흥구
https://www.saramin.co.kr/zf_user/jobs/relay/view?isMypage=no&rec_idx=43783364,(주)이노션테크,"[장비건설팀]소프트웨어 프로그래머(S/W, C++, Python)채용 공고",경기시흥시
https://www.saramin.co.kr/zf_user/jobs/relay/view?isMypage=no&rec_idx=41895007,(주)펫박스,Python 백엔드 개발자,서울전체
https://www.saramin.co.kr/zf_user/jobs/relay/view?isMypage=no&rec_idx=43857688,(주)트렌드헌터,"Node.js, Python기반 사내 시스템 프로그램 개발자 경력 2년이상",서울강남구
https://www.saramin.co.kr/zf_user/jobs/relay/view?isMypage=no&rec_idx=43890387,(주)마케시안,2022년 백엔드/서버개발&Python&Django 채용 공고,경기하남시
https://www.saramin.co.kr/zf_user/jobs/relay/view?isMypage=no&rec_idx=44063123,(주)니트머스,"[신입/정규] 온라인 광고 플랫폼 개발 (Python, PHP)",서울중구
https://www.saramin.co.kr/zf_user/jobs/relay/view?isMypage=no&rec_idx=44073861,아테나스랩(주),[시니어] 서버 개발자 Python(Django) Developer,서울전체
https://www.saramin.co.kr/zf_user/jobs/relay/view?isMypage=no&rec_idx=44073872,아테나스랩(주),서버 개발자 Python(Django) Developer 채용 (주니어),서울전체
https://www.saramin.co.kr/zf_user/jobs/relay/view?isMypage=no&rec_idx=44074907,아테나스랩(주),서버 개발자 Python(Django) Developer 채용 (시니어),서울마포구
https://www.saramin.co.kr/zf_user/jobs/relay/view?isMypage=no&rec_idx=44074912,아테나스랩(주),서버 개발자 Python(Django) Developer 채용 (주니어),서울마포구
https://www.saramin.co.kr/zf_user/jobs/relay/view?isMypage=no&rec_idx=44069616,두나무(주),Python_Backend Engineer,서울강남구
https://www.saramin.co.kr/zf_user/jobs/relay/view?isMypage=no&rec_idx=44049372,커리어커넥트(주),대형저축은행 디지털금융 빅데이터팀원 (SAS/SQL/Python/R) 채용,서울강남구
https://www.saramin.co.kr/zf_user/jobs/relay/view?isMypage=no&rec_idx=44025059,(주)트릿지,Senior Backend Engineer - Python,서울서초구
https://www.saramin.co.kr/zf_user/jobs/relay/view?isMypage=no&rec_idx=44062177,(주)뷰엠테크놀로지,"임베디드(C++, Python) 소프트/펌웨어 개발자모집",경기군포시
https://www.saramin.co.kr/zf_user/jobs/relay/view?isMypage=no&rec_idx=43963201,비트루브 주식회사,[에듀테크] 수학교육 콘텐츠 python 개발자 채용,서울강남구
https://www.saramin.co.kr/zf_user/jobs/relay/view?isMypage=no&rec_idx=43908610,한국직업능력교육원 안산,경기/안산/시흥 국비지원 무료 교육연수생 모집(C언어&파이썬 전문),경기안산시 단원구
https://www.saramin.co.kr/zf_user/jobs/relay/view?isMypage=no&rec_idx=44013318,(주)코리아인,[SAS/파이선 우대] 데이터 분석 팀원모집,서울영등포구
https://www.saramin.co.kr/zf_user/jobs/relay/view?isMypage=no&rec_idx=44040566,치얼업코리아(주),온라인쇼핑몰 개발직( 파이썬 빅테이터 머신러닝) 모집,전북익산시
https://www.saramin.co.kr/zf_user/jobs/relay/view?isMypage=no&rec_idx=42409081,(주)알고리즘랩스,[알고리즘랩스] 파이썬 서버(백엔드) 개발자,대전전체
https://www.saramin.co.kr/zf_user/jobs/relay/view?isMypage=no&rec_idx=43667355,(주)제이슨,[안랩-제이슨] Phython 파이썬 개발자 영입,서울마포구
https://www.saramin.co.kr/zf_user/jobs/relay/view?isMypage=no&rec_idx=44049895,엔지니어스토리(유),"[판교] H사 업무시스템 개발 - 파이썬, C++",경기성남시 분당구
https://www.saramin.co.kr/zf_user/jobs/relay/view?isMypage=no&rec_idx=43891966,(주)상상할수없는,[AI 학습용데이터 구축 사업] 파이썬 개발자 모집 채용,서울영등포구
https://www.saramin.co.kr/zf_user/jobs/relay/view?isMypage=no&rec_idx=42839769,올거나이즈코리아(주),[AI Startup] 파이썬 백엔드 엔지니어,서울전체
https://www.saramin.co.kr/zf_user/jobs/relay/view?isMypage=no&rec_idx=43915598,(주)어니언팜,어니언팜 파이썬 / 자바 백엔드 개발자,부산사상구
https://www.saramin.co.kr/zf_user/jobs/relay/view?isMypage=no&rec_idx=43961203,(주)수학에심장을달다,[AI 수학 학습 프로그램] 파이썬 개발자 모집,서울양천구
https://www.saramin.co.kr/zf_user/jobs/relay/view?isMypage=no&rec_idx=43887320,(주)원프레딕트,파이썬 개발자 (데이터 파이프라인 / 데이터 계측시스템),서울전체
https://www.saramin.co.kr/zf_user/jobs/relay/view?isMypage=no&rec_idx=44051861,㈜에스에프테크놀로지,파이썬 자바 웹 경력직 모집,서울금천구
https://www.saramin.co.kr/zf_user/jobs/relay/view?isMypage=no&rec_idx=44030919,(주)티에스엠테크놀로지,[주4일제] 파이썬 신입/경력 개발자 모집,경기성남시 중원구
https://www.saramin.co.kr/zf_user/jobs/relay/view?isMypage=no&rec_idx=43950781,(주)닥터송,[유망 디지털 헬스케어] AI 파이썬/개발팀 PM 모집,서울강서구
https://www.saramin.co.kr/zf_user/jobs/relay/view?isMypage=no&rec_idx=43838512,(주)마스팜,SaaS플랫폼 웹솔루션 자바 재배로직/파이썬 AI모델링 개발자,전북전주시 덕진구
https://www.saramin.co.kr/zf_user/jobs/relay/view?isMypage=no&rec_idx=43871748,(주)모비데이즈,[모비데이즈] R&D 백엔드/파이썬 개발자 경력직 채용(-09.30),서울강남구
https://www.saramin.co.kr/zf_user/jobs/relay/view?isMypage=no&rec_idx=43870820,(주)이노포스트,파이썬 기반의 풀스택 개발자 경력직 채용 공고(AI&빅데이터분석,서울서초구
https://www.saramin.co.kr/zf_user/jobs/relay/view?isMypage=no&rec_idx=43978076,(주)에이티솔루션,파이썬 개발자 모집 (영상인식 관련 유경험자 우대),부산금정구
https://www.saramin.co.kr/zf_user/jobs/relay/view?isMypage=no&rec_idx=43984693,나우온,"파이썬 장고(Django) 신입, 경력 개발자 모집",경남창원시
https://www.saramin.co.kr/zf_user/jobs/relay/view?isMypage=no&rec_idx=43941527,대성,개발자 모집 ( 딥러닝 YOLO-v3 파이썬 가능자 우대 ),전북전주시 덕진구
https://www.saramin.co.kr/zf_user/jobs/relay/view?isMypage=no&rec_idx=43966263,(주)피앤씨스타,(파이썬/자바스크립트) 개발자 모집합니다.,서울용산구
https://www.saramin.co.kr/zf_user/jobs/relay/view?isMypage=no&rec_idx=44003126,에이비아이(주),"응용 SW 개발 (C#, 파이썬)",인천연수구
https://www.saramin.co.kr/zf_user/jobs/relay/view?isMypage=no&rec_idx=43940247,(주)지식팩토리,"(주)지식팩토리 학생 코딩 강사 채용(파이썬, 데이터 분석 등)",부산해운대구
https://www.saramin.co.kr/zf_user/jobs/relay/view?isMypage=no&rec_idx=43886492,주식회사 이에프,"개발자 프로그래머 채용 공고, 스프링부트, 파이썬,프론트,백엔",대전유성구
https://www.saramin.co.kr/zf_user/jobs/relay/view?isMypage=no&rec_idx=43887546,이젠컴퓨터아카데미,"빅데이터(웹,자바,파이썬,스프링,DB) 강사님 모십니다",경기수원시 팔달구
https://www.saramin.co.kr/zf_user/jobs/relay/view?isMypage=no&rec_idx=43887596,이젠컴퓨터아카데미,"AWS 클라우드(자바,웹,C,DB,파이썬,스프링) 강사님 모십니다",경기수원시 팔달구
https://www.saramin.co.kr/zf_user/jobs/relay/view?isMypage=no&rec_idx=43891790,휴마니타스(주),"휴마니타스(주) [서울지사] 개발자모집 / PHP , MySQL , 파이썬",서울강서구
https://www.saramin.co.kr/zf_user/jobs/relay/view?isMypage=no&rec_idx=43656838,메가아이티 컴퓨터 학원,[메가스터디SW입시센터] 파이썬 강사모집,서울강남구
https://www.saramin.co.kr/zf_user/jobs/relay/view?isMypage=no&rec_idx=43753960,코딩하는 아이들학원,"스크래치, C언어, 파이썬 수업 강사님 구합니다.",서울은평구
https://www.saramin.co.kr/zf_user/jobs/relay/view?isMypage=no&rec_idx=44021711,(주)비바리퍼블리카,토스커뮤니티 대규모 채용,서울강남구
https://www.saramin.co.kr/zf_user/jobs/relay/view?isMypage=no&rec_idx=43892769,캐논코리아 주식회사,캐논코리아 각 부문 채용 (본사/지사),서울강남구
https://www.saramin.co.kr/zf_user/jobs/relay/view?isMypage=no&rec_idx=43978901,주식회사 핌아시아,2022년 하반기 대규모 정규직 채용,서울강남구
https://www.saramin.co.kr/zf_user/jobs/relay/view?isMypage=no&rec_idx=44040121,(주)농심,2022년 농심그룹 채용 공고,서울전체
https://www.saramin.co.kr/zf_user/jobs/relay/view?isMypage=no&rec_idx=43924634,(주)아이센스,(주)아이센스 2022년 하반기 신입 및 경력 수시채용,서울서초구
https://www.saramin.co.kr/zf_user/jobs/relay/view?isMypage=no&rec_idx=43838022,(주)솔로몬텍,솔로몬텍 본사/해외 IT인재 분야별 채용,서울영등포구
https://www.saramin.co.kr/zf_user/jobs/relay/view?isMypage=no&rec_idx=43815766,어드밴텍케이알(주),어드밴텍케이알㈜ 신입/경력 채용,서울강서구
https://www.saramin.co.kr/zf_user/jobs/relay/view?isMypage=no&rec_idx=43886865,청오디피케이(주),도미노피자 각 부문 (자회사/관계사포함) 공개채용,서울강남구
https://www.saramin.co.kr/zf_user/jobs/relay/view?isMypage=no&rec_idx=43980203,(주)하이비젼시스템,[코스닥상장사] 각 부문 신입/경력직원 모집,경기성남시 중원구
https://www.saramin.co.kr/zf_user/jobs/relay/view?isMypage=no&rec_idx=43990984,(주)파수,2022년 하반기 2차 공개 채용(신입/경력),서울마포구
https://www.saramin.co.kr/zf_user/jobs/relay/view?isMypage=no&rec_idx=43042997,(주)딥노이드,㈜ 딥노이드 2022년도 상반기 신입/경력직 채용 공고,서울구로구
https://www.saramin.co.kr/zf_user/jobs/relay/view?isMypage=no&rec_idx=43905109,오토앤(주),자동차애프터마켓 ll 사세확장 전 부문 신입/경력 채용,경기안양시
https://www.saramin.co.kr/zf_user/jobs/relay/view?isMypage=no&rec_idx=43847644,DB그룹,2022년 하반기 DB그룹 신입사원 공개채용,전국
https://www.saramin.co.kr/zf_user/jobs/relay/view?isMypage=no&rec_idx=43987147,한솔그룹,2022년 한솔그룹 대졸 신입사원 모집,서울전체
https://www.saramin.co.kr/zf_user/jobs/relay/view?isMypage=no&rec_idx=43958811,CJ(주),CJ 올리브네트웍스 신입사원 모집,인천연수구
https://www.saramin.co.kr/zf_user/jobs/relay/view?isMypage=no&rec_idx=44033323,(주)열심히커뮤니케이션즈,2022년 텐마인즈그룹 각 부문별 신입/경력 채용,서울용산구
https://www.saramin.co.kr/zf_user/jobs/relay/view?isMypage=no&rec_idx=43939699,(주)미래컴퍼니,2022년 하반기 각 부문 신입/경력 채용,경기화성시
https://www.saramin.co.kr/zf_user/jobs/relay/view?isMypage=no&rec_idx=43977205,(주)모두컴퍼니,모두의주차장 각 부문별 인재영입,서울성동구
https://www.saramin.co.kr/zf_user/jobs/relay/view?isMypage=no&rec_idx=43986050,(주)에스아이티,[한화그룹계열]에스아이티 채용전제형 인턴사원 모집,경기화성시
https://www.saramin.co.kr/zf_user/jobs/relay/view?isMypage=no&rec_idx=43882375,(주)디알텍,2022년 신입 및 경력 채용,경기성남시 분당구
https://www.saramin.co.kr/zf_user/jobs/relay/view?isMypage=no&rec_idx=43904879,(주)골든플래닛,"데이터분석,클라우드 엔지니어,GA/프론트/백엔드개발,경영전략",서울강남구
https://www.saramin.co.kr/zf_user/jobs/relay/view?isMypage=no&rec_idx=43984837,어보브반도체(주),어보브반도체 부문별 신입/경력직 채용,서울강남구
https://www.saramin.co.kr/zf_user/jobs/relay/view?isMypage=no&rec_idx=44000141,(주)교원,[교원그룹] 9월 신입/경력 정기 수시채용,서울중구
https://www.saramin.co.kr/zf_user/jobs/relay/view?isMypage=no&rec_idx=44001751,노벨리스코리아(주),2022 노벨리스코리아 신입/경력 각 부문 모집,서울중구
https://www.saramin.co.kr/zf_user/jobs/relay/view?isMypage=no&rec_idx=43905077,휴마시스(주),2022 하반기 각 부문 신입 및 경력 채용,경기군포시
https://www.saramin.co.kr/zf_user/jobs/relay/view?isMypage=no&rec_idx=43973063,(주)제우스,2022년 9월 ㈜제우스 각 부문별 인재채용,경기화성시
https://www.saramin.co.kr/zf_user/jobs/relay/view?isMypage=no&rec_idx=44029781,(주)켐트로닉스,㈜켐트로닉스 각 부문 신입/경력 공개채용,경기성남시 분당구
https://www.saramin.co.kr/zf_user/jobs/relay/view?isMypage=no&rec_idx=44052756,에이치엔아이엔씨(주),HN (舊현대BS&C) [ IT부문/건설부문/지원부서] 각 부문별 채용공고,서울중구
https://www.saramin.co.kr/zf_user/jobs/relay/view?isMypage=no&rec_idx=43979301,키움증권(주),2022년 하반기 키움증권 대졸 신입사원 공개채용,서울영등포구
https://www.saramin.co.kr/zf_user/jobs/relay/view?isMypage=no&rec_idx=42912594,(주)디모아,각 분야 채용공고,서울용산구
https://www.saramin.co.kr/zf_user/jobs/relay/view?isMypage=no&rec_idx=43966982,한국유미코아(유),한국유미코아 연구소/각 부문별 신입/경력 채용공고,충남천안시 서북구
https://www.saramin.co.kr/zf_user/jobs/relay/view?isMypage=no&rec_idx=44057177,(주)하나금융티아이,[하나금융TI] 금융IT 경력사원 모집,인천전체
https://www.saramin.co.kr/zf_user/jobs/relay/view?isMypage=no&rec_idx=44023523,씨에스케이(주),씨에스케이㈜ 2022년 각 부문별 신입/경력직 채용공고,경기용인시
https://www.saramin.co.kr/zf_user/jobs/relay/view?isMypage=no&rec_idx=43885998,(주)농협정보시스템,[(주)농협정보시스템] 정규직(경력) 직원 채용,서울전체
https://www.saramin.co.kr/zf_user/jobs/relay/view?isMypage=no&rec_idx=43885924,(주)코난테크놀로지,2022년 하반기 각 부문 신입/경력 상시 채용,서울서초구
https://www.saramin.co.kr/zf_user/jobs/relay/view?isMypage=no&rec_idx=43980360,십일번가(주),2022년 11 Super Talent 전환형 인턴십,서울중구
https://www.saramin.co.kr/zf_user/jobs/relay/view?isMypage=no&rec_idx=43991741,(주)NE능률,2022 ㈜NE능률 신입 및 경력사원 공개채용,서울마포구
https://www.saramin.co.kr/zf_user/jobs/relay/view?isMypage=no&rec_idx=44036628,(주)케이엠더블유,R&D(연구소) 및 SALES(영업) 부문별 신입/경력사원 채용,미국캘리포니아주
https://www.saramin.co.kr/zf_user/jobs/relay/view?isMypage=no&rec_idx=44066252,(주)리파인,(주)리파인 각 부문별 신입/경력 채용공고,서울강남구
https://www.saramin.co.kr/zf_user/jobs/relay/view?isMypage=no&rec_idx=43978376,(유)시높시스코리아,시높시스코리아 정규직 신입사원 채용(AE 및 R&D 분야/10월 16일 마감),경기성남시
https://www.saramin.co.kr/zf_user/jobs/relay/view?isMypage=no&rec_idx=43931960,(주)크레버스,2022년 9월 신입/경력 대규모 채용,서울강남구
https://www.saramin.co.kr/zf_user/jobs/relay/view?isMypage=no&rec_idx=43892446,(주)솔탑,[솔탑] 2022년 각 부문 신입 / 경력 모집,대전유성구
https://www.saramin.co.kr/zf_user/jobs/relay/view?isMypage=no&rec_idx=43855601,대보그룹,2022 대보그룹 신입사원 공개채용,서울강남구
https://www.saramin.co.kr/zf_user/jobs/relay/view?isMypage=no&rec_idx=43938926,(주)원익홀딩스,2022 D2I 엔지니어 공개채용,경기성남시 분당구
https://www.saramin.co.kr/zf_user/jobs/relay/view?isMypage=no&rec_idx=44045057,슈어소프트테크(주),2023년 신입사원 대규모 공개 채용,서울강남구
https://www.saramin.co.kr/zf_user/jobs/relay/view?isMypage=no&rec_idx=43472951,(주)신테카바이오,[코스닥상장사] 신테카바이오 하반기 신입/경력 직원 채용,대전유성구
https://www.saramin.co.kr/zf_user/jobs/relay/view?isMypage=no&rec_idx=43332299,(주)핏펫,2022년 하반기 부문별 인재영입(경력),서울강남구
https://www.saramin.co.kr/zf_user/jobs/relay/view?isMypage=no&rec_idx=43928447,(주)이든앤앨리스마케팅,[이든앤앨리스마케팅] 마케팅 AE 경력직 채용,서울강남구
https://www.saramin.co.kr/zf_user/jobs/relay/view?isMypage=no&rec_idx=43974743,한국소프트웨어산업협회,[채용확정형] SW개발자 교육생 모집,서울강남구
https://www.saramin.co.kr/zf_user/jobs/relay/view?isMypage=no&rec_idx=43977323,한국전자금융(주),각 부문(영업/IT/공무/복권/CS 등) 신입/경력 직원 수시채용,서울강남구
https://www.saramin.co.kr/zf_user/jobs/relay/view?isMypage=no&rec_idx=43893659,이투스에듀(주),[이투스에듀] IT본부 경력직 채용,서울서초구
https://www.saramin.co.kr/zf_user/jobs/relay/view?isMypage=no&rec_idx=43869135,(주)마이크로인피니티,㈜마이크로인피니티 정규직 사원 모집,경기수원시
https://www.saramin.co.kr/zf_user/jobs/relay/view?isMypage=no&rec_idx=43991160,제일산업(주),제일산업 부문별 모집요강(신입 및 경력 사원 모집),경기화성시
https://www.saramin.co.kr/zf_user/jobs/relay/view?isMypage=no&rec_idx=43998498,(재)부산인재개발원,[국비무료] 취업연계 교육생 모집,부산수영구
https://www.saramin.co.kr/zf_user/jobs/relay/view?isMypage=no&rec_idx=43868990,(주)아이디어키,[아이디어키] 2022년 하반기 각 부문 신입/경력 채용,서울강남구
https://www.saramin.co.kr/zf_user/jobs/relay/view?isMypage=no&rec_idx=40591697,클라우드그램(주),[클라우드그램] 2022 상반기 각 부문별 채용,서울강남구
https://www.saramin.co.kr/zf_user/jobs/relay/view?isMypage=no&rec_idx=43939146,(주)얼라인드제네틱스,2022년 9월 각 부문별 신입/경력사원 공개채용,경기안양시 동안구
https://www.saramin.co.kr/zf_user/jobs/relay/view?isMypage=no&rec_idx=43835467,(주)엔젤로보틱스,2022 엔젤로보틱스 각 분야 채용,서울성동구
https://www.saramin.co.kr/zf_user/jobs/relay/view?isMypage=no&rec_idx=43824804,(주)블라블라이엔엠,[블라블라ENM] 각 부문 신입 및 경력 모집,서울강남구
https://www.saramin.co.kr/zf_user/jobs/relay/view?isMypage=no&rec_idx=44057307,로지스팟(주),2022년 하반기 각 부문별 직원 채용,서울서초구
https://www.saramin.co.kr/zf_user/jobs/relay/view?isMypage=no&rec_idx=43398955,㈜해커스교육그룹,[DBA/클라우드 엔지니어/SAP] 신입 및 경력 모집,서울서초구
https://www.saramin.co.kr/zf_user/jobs/relay/view?isMypage=no&rec_idx=44069269,에스케이바이오팜(주),[SK바이오팜] 각 부문 구성원 모집,경기성남시
https://www.saramin.co.kr/zf_user/jobs/relay/view?isMypage=no&rec_idx=43531077,(주)온택트헬스,각 부문별 신입.경력직원 채용,서울서대문구
https://www.saramin.co.kr/zf_user/jobs/relay/view?isMypage=no&rec_idx=43827241,주식회사 리만코리아,IT(기획/백엔드/프론트엔드/DevOps/정보보안) 직군 채용,서울강남구
https://www.saramin.co.kr/zf_user/jobs/relay/view?isMypage=no&rec_idx=43874477,(주)엔미디어플랫폼,[NEXON COMPANY] 부문별 신입 및 경력사원 채용,경기성남시 분당구
https://www.saramin.co.kr/zf_user/jobs/relay/view?isMypage=no&rec_idx=43951715,(주)인스티즈,인터넷 커뮤니티 개발자 채용 (~22/11/10),서울강남구
https://www.saramin.co.kr/zf_user/jobs/relay/view?isMypage=no&rec_idx=44070502,주식회사 리만코리아,"IT(백엔드/프론트엔드/DevOps) 개발 및 서비스기획, 디지털마케팅 채용",서울강남구
https://www.saramin.co.kr/zf_user/jobs/relay/view?isMypage=no&rec_idx=43950014,㈜에스에프에이,(주)에스에프에이 22년 4차채용 25개부문 (9월30일마감),경기화성시
https://www.saramin.co.kr/zf_user/jobs/relay/view?isMypage=no&rec_idx=44016239,시큐레터(주),2022년 하반기 시큐레터 각 부문 공개채용,경기성남시 수정구
https://www.saramin.co.kr/zf_user/jobs/relay/view?isMypage=no&rec_idx=43892998,캐논코리아 주식회사,캐논코리아 안산사업소 각 부문 채용 (일반 / 연구),경기안산시
https://www.saramin.co.kr/zf_user/jobs/relay/view?isMypage=no&rec_idx=43999208,소니코리아(주),소니코리아 디바이스 사업부 Field Application Engineer 채용,서울영등포구
https://www.saramin.co.kr/zf_user/jobs/relay/view?isMypage=no&rec_idx=42080679,(주)케이티디에스,[kt ds] 2022년 각 부문별 경력사원 수시채용,서울서초구
https://www.saramin.co.kr/zf_user/jobs/relay/view?isMypage=no&rec_idx=43975957,현대에이치디에스(주),어플리케이션 개발 및 운영 대졸 신입사원 모집,서울송파구
https://www.saramin.co.kr/zf_user/jobs/relay/view?isMypage=no&rec_idx=43961457,(주)씨씨미디어서비스,Java/Web 개발자/블록체인 개발자/빅데이터 엔지니어 채용,서울구로구
https://www.saramin.co.kr/zf_user/jobs/relay/view?isMypage=no&rec_idx=43446005,(주)푸드테크,(주)푸드테크 하반기 IT부문 채용,서울강남구
https://www.saramin.co.kr/zf_user/jobs/relay/view?isMypage=no&rec_idx=43989239,(주)핀크,[하나금융그룹 자회사] 경력직 수시 채용,서울중구
https://www.saramin.co.kr/zf_user/jobs/relay/view?isMypage=no&rec_idx=44027939,(주)엔씨아이티에스,[NCSOFT자회사] ㈜엔씨아이티에스 업무시스템 개발자 채용,경기성남시 분당구
https://www.saramin.co.kr/zf_user/jobs/relay/view?isMypage=no&rec_idx=44032829,(주)솔트룩스이노베이션,"[신입,경력]JAVA, JSP WEB 개발자/번역 프로젝트매니저(PM) 모집",서울강남구
https://www.saramin.co.kr/zf_user/jobs/relay/view?isMypage=no&rec_idx=43814985,(주)틱스잇,"여행IT개발자(JAVA,Spring)정규직,단기계약,재택근무및 기획자,PM 채용",서울성동구
https://www.saramin.co.kr/zf_user/jobs/relay/view?isMypage=no&rec_idx=44016613,(주)에이아이더뉴트리진,[바이오사업부문] 각 부문 신입 및 경력사원 모집,경기성남시 수정구
https://www.saramin.co.kr/zf_user/jobs/relay/view?isMypage=no&rec_idx=43977259,(주)퀸텟시스템즈,2022 하반기 퀸텟시스템즈 공개채용,서울영등포구
https://www.saramin.co.kr/zf_user/jobs/relay/view?isMypage=no&rec_idx=43921098,대한상공회의소,2023년 신입직원채용 모집요강,서울전체
https://www.saramin.co.kr/zf_user/jobs/relay/view?isMypage=no&rec_idx=43882634,에드워드 코리아(주),생산관리/공정엔지니어/생산기술 모집(신입/경력),충남천안시 서북구
https://www.saramin.co.kr/zf_user/jobs/relay/view?isMypage=no&rec_idx=43889946,에스디바이오센서(주),에스디바이오센서(주) 수원본사 연구개발부문 신입/경력직 모집,경기수원시 영통구
https://www.saramin.co.kr/zf_user/jobs/relay/view?isMypage=no&rec_idx=43913411,메이저월드(주),[메이저월드(주)] 2022년 하반기 수시 채용(신입/경력),경기화성시
https://www.saramin.co.kr/zf_user/jobs/relay/view?isMypage=no&rec_idx=44040412,(주)팀스페이스팜,(주4일근무) 데이터 기반 농업 연구원 모집 공고,경기성남시 수정구
https://www.saramin.co.kr/zf_user/jobs/relay/view?isMypage=no&rec_idx=44068512,(주)광주은행,"2022년 전문경력직(회계/세무사,디지털 인력) 채용",광주동구
https://www.saramin.co.kr/zf_user/jobs/relay/view?isMypage=no&rec_idx=43652885,(주)에스지에스코리아,주) 에스지에스코리아 경력사원 2022년 하반기 공개채용,경기화성시
https://www.saramin.co.kr/zf_user/jobs/relay/view?isMypage=no&rec_idx=43988575,이누스주식회사,각 부문 신입 및 경력직 사원 채용 공고,서울강남구
https://www.saramin.co.kr/zf_user/jobs/relay/view?isMypage=no&rec_idx=43849421,쿠팡(주),"쿠팡 ""Car Flex"" Operation & Data 부문 채용",서울송파구
https://www.saramin.co.kr/zf_user/jobs/relay/view?isMypage=no&rec_idx=44022765,쿠팡(주),"경영지원 대규모 채용 (HR, Legal, Finance, CFS, CLS 등)",서울송파구
https://www.saramin.co.kr/zf_user/jobs/relay/view?isMypage=no&rec_idx=43908537,(주)루트로닉,"[루트로닉] R&D 제어(H/W,F/W) 개발 경력 채용",경기고양시 덕양구
https://www.saramin.co.kr/zf_user/jobs/relay/view?isMypage=no&rec_idx=44025810,한국표준협회,[교육비 전액무료] 인공지능(AI)/소프트웨어(SW) 교육생 모집,전국
https://www.saramin.co.kr/zf_user/jobs/relay/view?isMypage=no&rec_idx=44072802,(주)케이티디에스,2022년 하반기 kt ds 대규모 신입 채용,서울전체
https://www.saramin.co.kr/zf_user/jobs/relay/view?isMypage=no&rec_idx=43872431,쿠팡(주),[쿠팡] Sr. Business analyst,서울송파구
https://www.saramin.co.kr/zf_user/jobs/relay/view?isMypage=no&rec_idx=44050639,버슘머트리얼즈코리아(주),Technical Program Manager (반도체 QA/Process Engineering)),경기시흥시
https://www.saramin.co.kr/zf_user/jobs/relay/view?isMypage=no&rec_idx=44026131,(주)솔트룩스,인공지능(AI) 데이터 분석,서울전체
https://www.saramin.co.kr/zf_user/jobs/relay/view?isMypage=no&rec_idx=44033742,에스케이엠앤서비스(주),[SK M&Service] 정보보호 담당 경력 구성원 영입,서울중구
https://www.saramin.co.kr/zf_user/jobs/relay/view?isMypage=no&rec_idx=43885096,큐렉소(주),SW개발 연구원/영업/임상 및 기술지원 부문별 신입 및 경력사원 채용,서울서초구
https://www.saramin.co.kr/zf_user/jobs/relay/view?isMypage=no&rec_idx=43886945,(주)앤씨앤,"[앤씨앤/넥스트칩] 2022년 9월 연구소, 영업마케팅 각 부문 모집",경기성남시 분당구
https://www.saramin.co.kr/zf_user/jobs/relay/view?isMypage=no&rec_idx=43965673,(주)에프앤가이드,에프앤가이드 각 부문 신입 및 경력사원 모집,서울강서구
https://www.saramin.co.kr/zf_user/jobs/relay/view?isMypage=no&rec_idx=43974104,한밭대학교산학협력단,인공지능 엔지니어링 SW 개발자 과정 교육생 모집 공고,대전유성구
https://www.saramin.co.kr/zf_user/jobs/relay/view?isMypage=no&rec_idx=43940115,라온피플(주),2022년 하반기 각 부문별 공개 채용,경기성남시 분당구
https://www.saramin.co.kr/zf_user/jobs/relay/view?isMypage=no&rec_idx=43711003,현대오토에버(주),스마트팩토리/MES/인프라 부문 경력채용,서울강남구
https://www.saramin.co.kr/zf_user/jobs/relay/view?isMypage=no&rec_idx=43644581,(주)안랩,[안랩] 경력직 개발/일반 부문 수시채용,경기성남시 분당구
https://www.saramin.co.kr/zf_user/jobs/relay/view?isMypage=no&rec_idx=43917916,에이엠텔레콤(주),에이엠텔레콤㈜ 신입/경력 채용 모집,경기성남시 분당구
https://www.saramin.co.kr/zf_user/jobs/relay/view?isMypage=no&rec_idx=43922684,(주)지에스아이티엠,JAVA 개발 SI 경력 채용 (PM / PL / 개발),서울전체
https://www.saramin.co.kr/zf_user/jobs/relay/view?isMypage=no&rec_idx=44008397,(주)지에스아이티엠,SAP FCM SM/SI/ABAP 모집,서울종로구
https://www.saramin.co.kr/zf_user/jobs/relay/view?isMypage=no&rec_idx=43968636,"(주)미래와도전, FNC Technology",(주)미래와도전 2022 하반기 각 부문별 신입/경력 채용,경기용인시 기흥구
https://www.saramin.co.kr/zf_user/jobs/relay/view?isMypage=no&rec_idx=44069676,유비벨록스(주),유비벨록스 하반기 개발자 모집,서울구로구
https://www.saramin.co.kr/zf_user/jobs/relay/view?isMypage=no&rec_idx=44022625,앤스코주식회사,앤스코주식회사 2022년 신입 및 경력사원 채용,대전유성구
https://www.saramin.co.kr/zf_user/jobs/relay/view?isMypage=no&rec_idx=44034773,(주)이즈미디어,[코스닥 상장] (주)이즈미디어 개발/연구인력 채용,경기안양시 동안구
https://www.saramin.co.kr/zf_user/jobs/relay/view?isMypage=no&rec_idx=43999526,(주)시큐아이,[삼성SDS자회사](주)시큐아이 경력사원 채용,서울종로구
https://www.saramin.co.kr/zf_user/jobs/relay/view?isMypage=no&rec_idx=43989379,(주)씨메스,[CMES] 검사사업부 전 분야 채용 (시리즈B 300억 투자완료),충북청주시
https://www.saramin.co.kr/zf_user/jobs/relay/view?isMypage=no&rec_idx=44033827,(주)DYB최선어학원,[직영] DYB최선어학원 각 부문 STAFF 모집,서울강남구
https://www.saramin.co.kr/zf_user/jobs/relay/view?isMypage=no&rec_idx=43982553,(주)미리디,[미리디] 백엔드 개발자 - 이미지 프로세싱,서울전체
https://www.saramin.co.kr/zf_user/jobs/relay/view?isMypage=no&rec_idx=44054607,(주)제노레이,"[신입/경력] 연구소 우수인재 모집 (SW, HW, FW,영상처리,인증,",경기성남시 중원구
https://www.saramin.co.kr/zf_user/jobs/relay/view?isMypage=no&rec_idx=43968499,타이아(주),타이아 주식회사 테크놀로지센터 (광주) 각 부문 채용 공고,광주광산구
https://www.saramin.co.kr/zf_user/jobs/relay/view?isMypage=no&rec_idx=43967688,(주)바질컴퍼니,"개발자(백엔드, 응용S/W) 채용(신입/경력)",부산사상구
https://www.saramin.co.kr/zf_user/jobs/relay/view?isMypage=no&rec_idx=43643172,콴텍(주),"[콴텍, 금융, AI] 2022년 하반기 금융 IT개발자 모집",서울영등포구
https://www.saramin.co.kr/zf_user/jobs/relay/view?isMypage=no&rec_idx=43715183,(주)윈텍오토메이션,(주)윈텍오토메이션 각 분야별 채용,경기수원시 영통구
https://www.saramin.co.kr/zf_user/jobs/relay/view?isMypage=no&rec_idx=43981075,디딤365(주),클라우드 엔지니어 / DevOps / 인프라 관리 / 서비스 보안 영입,서울금천구
https://www.saramin.co.kr/zf_user/jobs/relay/view?isMypage=no&rec_idx=44021365,한국능률협회리서치,신입 IT 개발자 채용,서울마포구
https://www.saramin.co.kr/zf_user/jobs/relay/view?isMypage=no&rec_idx=43296334,지오시스(유),[Qoo10] 기술/개발 본부 채용 (신입/경력),서울강남구
https://www.saramin.co.kr/zf_user/jobs/relay/view?isMypage=no&rec_idx=44045576,리버밴스(주),[GIST교원창업기업] 수석/프론트엔드/블록체인&백엔드 개발자 채용,서울강남구
https://www.saramin.co.kr/zf_user/jobs/relay/view?isMypage=no&rec_idx=43997430,(주)단비교육,유초등 에듀테크 1등 기업 단비교육 (프론트엔드개발/백엔드개발/정보보안담당/서비스기획),서울강남구
https://www.saramin.co.kr/zf_user/jobs/relay/view?isMypage=no&rec_idx=39659240,(주)이젠아카데미,[국비지원 취업]자바 웹앱개발/웹디자인/출판편집/영상/건축,서울전체
https://www.saramin.co.kr/zf_user/jobs/relay/view?isMypage=no&rec_idx=43725305,(주)페이타랩,[패스오더] 대한민국 1등 커피주문앱 '그로스 마케터' 채용,부산부산진구
https://www.saramin.co.kr/zf_user/jobs/relay/view?isMypage=no&rec_idx=43957317,한국모바일인증(주),"IT개발 및 운영, 정보보호 정규직 채용 [신입/경력]",서울구로구
https://www.saramin.co.kr/zf_user/jobs/relay/view?isMypage=no&rec_idx=43965628,(주)포티투마루,[포티투마루] 인공지능(AI) 개발자 전 부문 모집,서울서초구
https://www.saramin.co.kr/zf_user/jobs/relay/view?isMypage=no&rec_idx=44018965,(주)페이타랩,[패스오더] 대한민국 1등 커피주문앱 '데이터 엔지니어' 채용,부산부산진구
https://www.saramin.co.kr/zf_user/jobs/relay/view?isMypage=no&rec_idx=43701044,(주)토이스미스,프론트엔드 (웹) 개발자,서울강남구
https://www.saramin.co.kr/zf_user/jobs/relay/view?isMypage=no&rec_idx=43838719,(주)위메이드,데이터 분석가,서울전체
https://www.saramin.co.kr/zf_user/jobs/relay/view?isMypage=no&rec_idx=43751354,(주)더블다운인터액티브,[더블다운인터액티브] 2022 대규모 채용,서울강남구
https://www.saramin.co.kr/zf_user/jobs/relay/view?isMypage=no&rec_idx=43862460,(주)마크클라우드,데이터 분석 (신규 / 경력) 직 모집 - 정규직,서울강남구
https://www.saramin.co.kr/zf_user/jobs/relay/view?isMypage=no&rec_idx=44047508,(주)와이지비에스,(주)와이지비에스 하반기 각 분야별 신입 / 경력 채용,서울강남구
https://www.saramin.co.kr/zf_user/jobs/relay/view?isMypage=no&rec_idx=43989170,(주)프리딕션,(주)프리딕션 AI Engineer 정규직 모집 공고,서울성동구
https://www.saramin.co.kr/zf_user/jobs/relay/view?isMypage=no&rec_idx=43989701,(주)프리딕션,(주)프리딕션 백엔드 시니어 개발자 모집,서울성동구
https://www.saramin.co.kr/zf_user/jobs/relay/view?isMypage=no&rec_idx=44026714,(재)행복에프앤씨,[자연이랑] 쇼핑몰 웹 개발자 채용(신입),서울전체
https://www.saramin.co.kr/zf_user/jobs/relay/view?isMypage=no&rec_idx=44074030,(주)파블로아트컴퍼니,파블로아트컴퍼니 각 부분 신입 및 경력 인재 수시 채용,서울강남구
https://www.saramin.co.kr/zf_user/jobs/relay/view?isMypage=no&rec_idx=43776676,(주)티디아이,2022년 TDI그룹 각 부문 신입 및 경력 공개 채용,서울서초구
https://www.saramin.co.kr/zf_user/jobs/relay/view?isMypage=no&rec_idx=43832974,지니너스(주),[지니너스] 신입 / 경력사원 수시채용,서울송파구
https://www.saramin.co.kr/zf_user/jobs/relay/view?isMypage=no&rec_idx=44059029,대한상공회의소 광주인력개발원,2022년도 취업연계 국비 기술교육생 모집,광주광산구
https://www.saramin.co.kr/zf_user/jobs/relay/view?isMypage=no&rec_idx=43554999,(주)한국해양기상기술,"[AI/웹개발/HW] 신입/경력 채용 (병역특례, 전문연구요원)포함",서울구로구
https://www.saramin.co.kr/zf_user/jobs/relay/view?isMypage=no&rec_idx=43888637,(주)퀸즈코퍼레이션,[디너의여왕] 운영/개발/회계/영업 채용 (신입/경력),서울강남구
https://www.saramin.co.kr/zf_user/jobs/relay/view?isMypage=no&rec_idx=43896749,(주)고누아이 부산지점,2022 인텔AI 인공지능 개발자 양성 프로젝트,부산해운대구
https://www.saramin.co.kr/zf_user/jobs/relay/view?isMypage=no&rec_idx=44009890,주식회사 블랙홀릭,온라인 미디어 커머스 기업 각 부문 모집 (신입/경력),서울강서구
https://www.saramin.co.kr/zf_user/jobs/relay/view?isMypage=no&rec_idx=44068392,(주)에이펙스이에스씨,S/W 신입 및 경력 개발자 채용(프론트엔드/보안),서울강남구
https://www.saramin.co.kr/zf_user/jobs/relay/view?isMypage=no&rec_idx=44062426,굿커리어,"스타트기업 서버,백엔드,풀스택 개발 신입,사원,주임급(굿커리어",서울강남구
https://www.saramin.co.kr/zf_user/jobs/relay/view?isMypage=no&rec_idx=43997186,교보정보통신(주),"경력직원 상시채용(개발, 분석/설계, 클라우드, 방화벽, ITO, 영업 등 )",서울종로구
https://www.saramin.co.kr/zf_user/jobs/relay/view?isMypage=no&rec_idx=44055986,싸이머코리아(유),"2022 하반기 Cymer, An ASML Company Korea 신입/경력사원 채용",경기전체
https://www.saramin.co.kr/zf_user/jobs/relay/view?isMypage=no&rec_idx=43978170,(주)휴먼코아,"정규직 [본사/연5,000만/신입] 해외영업 마케팅 직무 공개 채용",경기성남시 중원구
https://www.saramin.co.kr/zf_user/jobs/relay/view?isMypage=no&rec_idx=43686333,(주)헥토이노베이션,헥토이노베이션 직군별 인재 모집,서울강남구
https://www.saramin.co.kr/zf_user/jobs/relay/view?isMypage=no&rec_idx=44024695,(주)엔씨소프트,[리니지M] DBA 모집,경기성남시 분당구
https://www.saramin.co.kr/zf_user/jobs/relay/view?isMypage=no&rec_idx=43981233,(주)아프리카티비,[아프리카TV] 서버운영 및 모니터링 (Operation Engineer),서울서초구
https://www.saramin.co.kr/zf_user/jobs/relay/view?isMypage=no&rec_idx=44011082,(주)디지털존,(주)디지털존 사업기획팀 웹개발자 / 모바일개발자 분야별 모집,서울마포구
https://www.saramin.co.kr/zf_user/jobs/relay/view?isMypage=no&rec_idx=44038759,한일네트웍스(주),한일네트웍스 컨택센터 솔루션 개발자 신입/경력 채용(사업확장),서울마포구
https://www.saramin.co.kr/zf_user/jobs/relay/view?isMypage=no&rec_idx=44063445,(주)핑거,[핑거패밀리] 2022년 신입사원 공채,서울영등포구
https://www.saramin.co.kr/zf_user/jobs/relay/view?isMypage=no&rec_idx=43978653,옵티시스(주),옵티시스㈜ 분야별 신입/경력사원 모집,경기성남시
https://www.saramin.co.kr/zf_user/jobs/relay/view?isMypage=no&rec_idx=44001149,(재)한국조명아이씨티연구원,한국조명ICT연구원 직원 채용 공고,경기부천시 원미구
https://www.saramin.co.kr/zf_user/jobs/relay/view?isMypage=no&rec_idx=43960192,(주)유시스,Java 기반 웹시스템 개발 및 시스템 유지관리,부산해운대구
https://www.saramin.co.kr/zf_user/jobs/relay/view?isMypage=no&rec_idx=44052513,에이블맥스(주),"IT개발·데이터(데이터분석가, 모델링 외 ) 채용 공고",서울강남구
https://www.saramin.co.kr/zf_user/jobs/relay/view?isMypage=no&rec_idx=44034731,(주)엘지에너지솔루션,2022년 9월 경력사원 모집 (경력개발/조직문화/리더십개발),서울영등포구
https://www.saramin.co.kr/zf_user/jobs/relay/view?isMypage=no&rec_idx=44041780,(주)뉴로메카,[뉴로메카] 로보틱스부문 CS엔지니어 및 생산관리 인력 채용,대전유성구
https://www.saramin.co.kr/zf_user/jobs/relay/view?isMypage=no&rec_idx=44050460,(주)새움소프트,새움소프트 신입사원 공개채용 - [ JSP / Java / mysql 개발 ],경기안양시 만안구
https://www.saramin.co.kr/zf_user/jobs/relay/view?isMypage=no&rec_idx=44044258,유엔잡(주),[ TTA 한국정보통신기술협회 ] 시험지원 연구원 채용,경기성남시 분당구
https://www.saramin.co.kr/zf_user/jobs/relay/view?isMypage=no&rec_idx=41757583,(주)스마일코리아,2022년 하반기 신입 및 경력 대규모 채용,서울금천구
https://www.saramin.co.kr/zf_user/jobs/relay/view?isMypage=no&rec_idx=43979240,(주)아이에이엠,2022년 소프트웨어 개발 신입 및 경력 채용,서울금천구
https://www.saramin.co.kr/zf_user/jobs/relay/view?isMypage=no&rec_idx=43958184,(주)대건소프트,2022년 하반기 각 부문 신입/경력직 채용,대전유성구
https://www.saramin.co.kr/zf_user/jobs/relay/view?isMypage=no&rec_idx=43973400,(주)이노시스컴퍼니,java 신입/경력 개발자 모집,서울구로구
https://www.saramin.co.kr/zf_user/jobs/relay/view?isMypage=no&rec_idx=43989449,(주)에이아이더뉴트리진,C-Lab 각 부분 신입 및 경력사원 모집,경기성남시 수정구
https://www.saramin.co.kr/zf_user/jobs/relay/view?isMypage=no&rec_idx=44072166,(사)한국항공우주산업진흥협회,[국비지원] [추가모집] 항공우주전문인력양성사업 항공ICT 설계 융합 엔지니어 양성 과정(2차) 교육생 모집,서울마포구
https://www.saramin.co.kr/zf_user/jobs/relay/view?isMypage=no&rec_idx=43829549,㈜칸테크,[IT중견기업] JAVA/ORACLE/SPRING 개발자 (신입/경력),서울금천구
https://www.saramin.co.kr/zf_user/jobs/relay/view?isMypage=no&rec_idx=43724788,주식회사 빗썸메타,[빗썸메타] 메타개발실 Front End / Back End 경력 개발자 모집,서울강남구
https://www.saramin.co.kr/zf_user/jobs/relay/view?isMypage=no&rec_idx=43956570,에스피테크놀러지(주),Cloud사업본부 내 각 분야 개발자 및 구축/운영 담당자 모집,서울서초구
https://www.saramin.co.kr/zf_user/jobs/relay/view?isMypage=no&rec_idx=44062798,(주)더원테크,인공지능 AI 및 빅데이터 분석 프로그램 개발자 모십니다.,서울금천구
https://www.saramin.co.kr/zf_user/jobs/relay/view?isMypage=no&rec_idx=43990047,디지털뉴트리션,헬스케어스타트업에서 함께 성공할 분야별 창립멤버 모집합니다,서울마포구
https://www.saramin.co.kr/zf_user/jobs/relay/view?isMypage=no&rec_idx=44064917,(주)케이언트,"JAVA 개발자 모집 中 주4.5 ( JAVA, C# ,빅데이터 )",서울금천구
https://www.saramin.co.kr/zf_user/jobs/relay/view?isMypage=no&rec_idx=43978526,고황건설(주),2022년 ㈜고황건설 신입/경력사원 모집공고,서울강남구
https://www.saramin.co.kr/zf_user/jobs/relay/view?isMypage=no&rec_idx=43999913,(주)엔지테크,프로그램 개발 신입/경력사원 채용,서울구로구
https://www.saramin.co.kr/zf_user/jobs/relay/view?isMypage=no&rec_idx=44069462,인터리젠(주),2022년 하반기 각 부문 인재 모집,서울강남구
https://www.saramin.co.kr/zf_user/jobs/relay/view?isMypage=no&rec_idx=44036104,하이데브(HighDev),부산/서울/전국]웹 및 앱 개발자 경력/신입 채용 공고,부산부산진구
https://www.saramin.co.kr/zf_user/jobs/relay/view?isMypage=no&rec_idx=43875474,코스맥스(주),디지털전략팀 경력사원 채용,경기성남시 분당구
https://www.saramin.co.kr/zf_user/jobs/relay/view?isMypage=no&rec_idx=43984045,에스케이텔링크(주),2022년 하반기 신입사원 채용,서울전체
https://www.saramin.co.kr/zf_user/jobs/relay/view?isMypage=no&rec_idx=43828190,쿠팡(주),"[쿠팡] Principa, Program Management (풀필먼트사업 경영기획)",서울송파구
https://www.saramin.co.kr/zf_user/jobs/relay/view?isMypage=no&rec_idx=44044587,쿠팡(주),[쿠팡 정규직] Supply Chain Management(S&OP),서울송파구
https://www.saramin.co.kr/zf_user/jobs/relay/view?isMypage=no&rec_idx=44046234,국립암센터,국립암센터 인공지능사업팀 의료데이터 스크립트 검수(임시),경기고양시 일산동구
https://www.saramin.co.kr/zf_user/jobs/relay/view?isMypage=no&rec_idx=43893776,(주) 파고다아카데미,[파고다교육그룹]부문별인재모집-경영/사업/서비스기획/강사인사,서울서초구
https://www.saramin.co.kr/zf_user/jobs/relay/view?isMypage=no&rec_idx=43793196,(주)에이아이플랫폼,IT개발·데이터(백엔드/서버개발 외 3개 부문) 채용,부산수영구
https://www.saramin.co.kr/zf_user/jobs/relay/view?isMypage=no&rec_idx=43933504,(주)아이엔지스토리,"[020 플랫폼] 백엔드, 프론트엔드, DevOps, 서비스기획자 채용",서울서초구
https://www.saramin.co.kr/zf_user/jobs/relay/view?isMypage=no&rec_idx=44029570,(주)투라인코드,Frontend/Backend 개발자 모집 (신입/경력),경기성남시 분당구
https://www.saramin.co.kr/zf_user/jobs/relay/view?isMypage=no&rec_idx=43909405,쿠팡풀필먼트서비스(유),[쿠팡풀필먼트서비스] 공정교육팀 Business Data Analyst 채용,서울송파구
https://www.saramin.co.kr/zf_user/jobs/relay/view?isMypage=no&rec_idx=43870608,(주)제주페이,[제주페이&돌하루팡] 2022 부문별 인재채용,제주제주시
https://www.saramin.co.kr/zf_user/jobs/relay/view?isMypage=no&rec_idx=43878787,테라젠지놈케어(주),테라젠지놈케어 연구개발본부 정규직채용,경기수원시 영통구
https://www.saramin.co.kr/zf_user/jobs/relay/view?isMypage=no&rec_idx=43790218,(주)마인드리더,[마인드리더] 퍼포먼스 / 바이럴 마케팅 AE 경력직 모집,서울마포구
https://www.saramin.co.kr/zf_user/jobs/relay/view?isMypage=no&rec_idx=43662220,(주)에코아이,(주)에코아이 신입/경력 채용 모집,서울영등포구
https://www.saramin.co.kr/zf_user/jobs/relay/view?isMypage=no&rec_idx=43988664,로지스올그룹,"로지스올 각 부문 신입/경력사원 채용(IT개발, 물류컨설팅)",서울마포구
https://www.saramin.co.kr/zf_user/jobs/relay/view?isMypage=no&rec_idx=43682039,(주)피코팩,2022년 사세확장으로 인한 신규 직원 채용,대전대덕구
https://www.saramin.co.kr/zf_user/jobs/relay/view?isMypage=no&rec_idx=43930178,쿠팡풀필먼트서비스(유),[쿠팡] 안성5 TW Consolidation 정규직 현장관리자 모집,경기안성시
https://www.saramin.co.kr/zf_user/jobs/relay/view?isMypage=no&rec_idx=43990140,쿠팡풀필먼트서비스(유),[쿠팡CFS] 대만직구 물류센터 운영담당자(Area Manager) 채용,경기안성시
https://www.saramin.co.kr/zf_user/jobs/relay/view?isMypage=no&rec_idx=43926590,삼부건설(주),2022 하반기 신입사원 모집,서울강남구
https://www.saramin.co.kr/zf_user/jobs/relay/view?isMypage=no&rec_idx=43871252,㈜네오플,[네오플] 데이터분석팀 인재 모집,제주제주시
https://www.saramin.co.kr/zf_user/jobs/relay/view?isMypage=no&rec_idx=43871196,㈜네오플,[네오플] 게임그래픽 직군 분야별 모집,제주제주시
https://www.saramin.co.kr/zf_user/jobs/relay/view?isMypage=no&rec_idx=43871242,㈜네오플,[네오플] 서버/클라이언트 프로그래머 인재 모집,제주제주시
https://www.saramin.co.kr/zf_user/jobs/relay/view?isMypage=no&rec_idx=44055025,(주)루트로닉,[코스닥/중견] 제어개발 담당,경기전체
https://www.saramin.co.kr/zf_user/jobs/relay/view?isMypage=no&rec_idx=43962481,(학)동은학원,순천향대학교 중앙의료원 DATA 분석 일반직원 공개채용,서울용산구
https://www.saramin.co.kr/zf_user/jobs/relay/view?isMypage=no&rec_idx=43978566,(주)야놀자,[정보보안유닛] 보안진단팀 보안 취약점 진단 매니저,서울강남구
https://www.saramin.co.kr/zf_user/jobs/relay/view?isMypage=no&rec_idx=43936549,(주)그라비티,[그라비티] 라그나로크 게임 서비스 엔지니어 채용,서울마포구
https://www.saramin.co.kr/zf_user/jobs/relay/view?isMypage=no&rec_idx=43940246,(주)그라비티,[그라비티] DB 관리자 (DBA) 채용,서울마포구
https://www.saramin.co.kr/zf_user/jobs/relay/view?isMypage=no&rec_idx=42951489,(주)빗썸코리아,[빗썸] 블록체인 개발,서울전체
https://www.saramin.co.kr/zf_user/jobs/relay/view?isMypage=no&rec_idx=43990000,(주)아이나비시스템즈,[아이나비시스템즈] S/W 품질 시험 신입/경력사원 모집,경기전체
https://www.saramin.co.kr/zf_user/jobs/relay/view?isMypage=no&rec_idx=44015507,(주)드림어스컴퍼니,빅데이터 플랫폼 구축 및 BI/DW 운영 담당자,서울전체
https://www.saramin.co.kr/zf_user/jobs/relay/view?isMypage=no&rec_idx=44038239,넛지헬스케어(주),[캐시워크/병역특례] 데이터엔지니어,서울전체
https://www.saramin.co.kr/zf_user/jobs/relay/view?isMypage=no&rec_idx=44054268,(주)휴먼코아,[정규직/상장기업 자회사] 티라로보틱스 본사 하반기 공개 채용,경기성남시 중원구
https://www.saramin.co.kr/zf_user/jobs/relay/view?isMypage=no&rec_idx=43006609,(주)웅진,(주)웅진 IT직무 경력사원 상시 채용,서울종로구
https://www.saramin.co.kr/zf_user/jobs/relay/view?isMypage=no&rec_idx=43802522,(주)콘텐트리중앙,[러너블] IT 경력직 채용,서울마포구
https://www.saramin.co.kr/zf_user/jobs/relay/view?isMypage=no&rec_idx=43802442,(주)콘텐트리중앙,[러너블] IT개발총괄 채용,서울마포구
https://www.saramin.co.kr/zf_user/jobs/relay/view?isMypage=no&rec_idx=44037407,펑션베이㈜,CAE 소프트웨어 개발 / 엔지니어 모집,경기성남시 분당구
https://www.saramin.co.kr/zf_user/jobs/relay/view?isMypage=no&rec_idx=43790055,(주)아이아이컴바인드,[젠틀몬스터] Gentlemonster LAB 로봇 제어,서울마포구
https://www.saramin.co.kr/zf_user/jobs/relay/view?isMypage=no&rec_idx=43967264,(주)오로스테크놀로지,[오로스테크놀로지] 연구직 신입/경력 모집,경기화성시
https://www.saramin.co.kr/zf_user/jobs/relay/view?isMypage=no&rec_idx=43888192,(주)써머스플랫폼,[에누리가격비교] 데이터엔지니어 / 데이터사이언티스트 채용,서울금천구
https://www.saramin.co.kr/zf_user/jobs/relay/view?isMypage=no&rec_idx=43967158,인피니언테크놀로지스코리아(유),[인피니언코리아] 센서 실험실 엔지니어 인턴십 (12개월) 모집,서울강남구
https://www.saramin.co.kr/zf_user/jobs/relay/view?isMypage=no&rec_idx=43960367,(주)써머스플랫폼,[에누리가격비교] 써머스플랫폼 개발자 신입~경력직 모집,서울금천구
https://www.saramin.co.kr/zf_user/jobs/relay/view?isMypage=no&rec_idx=44013310,(주)아프리카티비,"[아프리카TV]데이터 분석, 추천과 대용량 플랫폼 기술개발",경기성남시 분당구
https://www.saramin.co.kr/zf_user/jobs/relay/view?isMypage=no&rec_idx=44027659,(주)아프리카티비,[아프리카TV] 데이터 분석 및 지표 설계,경기성남시 분당구
https://www.saramin.co.kr/zf_user/jobs/relay/view?isMypage=no&rec_idx=44049121,(주)한국무역정보통신,한국무역정보통신 신입직원(사업 / ICT) 모집,경기성남시 분당구
https://www.saramin.co.kr/zf_user/jobs/relay/view?isMypage=no&rec_idx=44069637,(주)이마트24,[이마트24] Data Scientist 경력사원 모집,서울성동구
https://www.saramin.co.kr/zf_user/jobs/relay/view?isMypage=no&rec_idx=40832941,한화테크윈(주),AI 연구원 채용,경기전체
https://www.saramin.co.kr/zf_user/jobs/relay/view?isMypage=no&rec_idx=43823196,롯데정보통신(주),[Data Analytics팀] DA분석컨설팅 직무,서울전체
https://www.saramin.co.kr/zf_user/jobs/relay/view?isMypage=no&rec_idx=43824289,롯데정보통신(주),[롯데정보통신] 카드IS팀 시스템 엔지니어 (인프라구축/운영),서울전체
https://www.saramin.co.kr/zf_user/jobs/relay/view?isMypage=no&rec_idx=43752987,한화테크윈(주),Data Scientist,경기전체
